USE [pixelsDB]

INSERT INTO UserProfile VALUES ('FE1B7EFD-571A-DEAA-4513-DB413054A827', 'Muchtamir','Doci','Marina','nikon','1995-11-17','Romania','website');
INSERT INTO UserProfile VALUES ('353E116F-3D66-C91A-7F69-9350261B440D', 'Marzena','Neil','Krug','canon','2015-12-17','China','web ');
INSERT INTO UserProfile VALUES ('DD117EFD-571A-DEAA-4513-DB413054A827', 'Tagliarino','Tag','Larino','Nikon d50','10/10/90','Austria','no');
INSERT INTO UserProfile VALUES ('77117EFD-571A-DEAA-1995-DB413054A827', 'APERS','Aper','apers','Nikon d50','10/10/90','Rusia','no');
INSERT INTO UserProfile VALUES ('77117EFD-5713-DEAA-1995-DB413054A833', 'MARC' ,'Marc','Larino','Nikon d50','10/10/90','Austria','no');
INSERT INTO UserProfile VALUES ('77117CCC-5713-DEAA-1995-DB413054A833', 'Franke','Frank','Larino','Nikon d50','10/10/90','France','no' );
INSERT INTO UserProfile VALUES ('77117CCC-5713-DEAA-1995-DB413054A843', 'dMarina','MARINA','Larino','Nikon d50','10/10/90','Romania','no');
INSERT INTO UserProfile VALUES ('99117CCC-5713-DEAA-1995-DB413054A833', 'sAL','Salut','Larino','Nikon d50','10/10/90','Austria','no' );




INSERT INTO Photos VALUES('c9d4fd93-36fd-4581-8a85-b18ac28cf2f0','p1.jpg',10,'Cluj','good');
INSERT INTO Photos VALUES('f17d3e49-d968-4e0e-bb93-17822b326a0e','p5.jpg',5,'Bistrita','look good');
INSERT INTO Photos VALUES('a2253231-11e1-46a4-bb96-215f787b30d4','p31.jpg',34,'NY','bad');
INSERT INTO Photos VALUES('c4e917a3-7d74-4677-9319-4e5ed5a8975f','p22.jpg',6,'tOKYO','comment');
INSERT INTO Photos VALUES('cb1cc651-affc-4c5d-99ce-e73410393cd4','p11.jpg',1,'bucuresti','bad');
INSERT INTO Photos VALUES('3da9940d-6756-4395-96a6-04c9a537d8b9','p50.jpg',10,'BN','good');
INSERT INTO Photos VALUES('3a3c2085-eb65-43b7-a334-3a441e1cca68','p66.jpg',30,'Craiova','good');
INSERT INTO Photos VALUES('8187a192-90f3-4c08-b4a0-fb246ef43979','p55.jpg',29,'SIBIU','wonderfull');
INSERT INTO Photos VALUES('276401d6-2860-4fe5-a266-d132a7cb2e69','p7.jpg',12,'Cluj','comment5');
INSERT INTO Photos VALUES('dace2abd-4896-4a74-bdcb-88eda2540e20','p51.jpg',3,'BN','Bad');
INSERT INTO Photos VALUES('abee6f53-7dc7-4368-9edc-9814b3dcacad','p111.jpg',56,'Cluj','best');
INSERT INTO Photos VALUES('b8f1a925-eacc-47c5-9c20-ced64f71b945','p39.jpg',10,'bN','sUPER');
INSERT INTO Photos VALUES('aa4747eb-5bdf-4862-a565-cf99735996eb','p42.jpg',3,'SATU-MARE','comment2');
INSERT INTO Photos VALUES('0ac5e5ad-e582-4475-9cd6-9ffeb56c51de','p27.jpg',29,'LA','best 360 photo');
INSERT INTO Photos VALUES('31825ab5-c675-4748-ae05-bead72f19f91','p12.jpg',38,'timisoara','wiinner');
INSERT INTO Photos VALUES('0ac3e3ad-e382-4475-9cd6-9ffeb56c51de','p41.jpg',12,'Craiova','awesome');
INSERT INTO Photos VALUES('1a3c2085-eb15-43b7-a334-3a441e1cca61','p44.jpg',1,'BN','look good');


INSERT INTO Categories VALUES ('9A18C663-B8AC-4781-7478-45FD04AD5166' , 'abstract');
INSERT INTO Categories VALUES ('8738C663-B8AC-4781-7478-45FD04AD5166' , 'portrait');
INSERT INTO Categories VALUES ('9A1833AB-B8AC-4781-7478-45FD04AD5166' , 'street');
INSERT INTO Categories VALUES ('ADDDFE06-A8BE-A3D5-F2DD-5164F385C21C' , 'architecture');
INSERT INTO Categories VALUES ('ABBBFE06-A8BE-A97D-F2DD-5164F385C21C' , 'action');
INSERT INTO Categories VALUES ('95FFFE06-A8BE-A97D-F2DD-5164F385C21C' , 'landscape');
INSERT INTO Categories VALUES ('10FFFE06-A8BE-A97D-F2DD-5164F385C21C' , 'macro');
INSERT INTO Categories VALUES('ACCBFE06-A8BE-A97D-F2DD-5364F185C21C' , 'all');
INSERT INTO Categories VALUES('9998C663-B8AC-4781-7478-45FD04AD5166' , 'night');
INSERT INTO Categories VALUES('95FFFE06-A8BE-A97D-F2DD-5164F385C44C' , 'people');


INSERT INTO Challenges VALUES ('34aa90ba-df2e-457e-810d-d87f58eb13d0','Flowers','aaaaa');
INSERT INTO Challenges VALUES ('d5f840f0-6677-40cf-8160-238c3e028383','Fall','assssaaazzza');
INSERT INTO Challenges VALUES ('2ca80ebc-66f2-4d4e-b5f5-c12fc73093fc','Art of Photography','wwwwaaaaa');
INSERT INTO Challenges VALUES ('706e200d-4819-4c82-9c6e-3f4ad984d42b','Reflections','112dsdsasssasaaazzza');
INSERT INTO Challenges VALUES ('886673dc-698b-4e70-a2d4-7188cf140204','Just Portaits','rsdaaaaaa');
INSERT INTO Challenges VALUES ('d7f9fc1c-d39a-42ce-a437-56c88306e024','Snow','asfsdfzcssssaaazzza');
INSERT INTO Challenges VALUES ('314190d4-2fd2-474c-8212-b93d90123111','White','sdaaawwwwaaaaa');
INSERT INTO Challenges VALUES ('474b1a89-ed68-4164-bd8f-44c01799d987','Wide','gfsdgds112dsdsasssasaaazzza');



INSERT INTO UserChallenges VALUES('353E116F-3D66-C91A-7F69-9350261B440D','34aa90ba-df2e-457e-810d-d87f58eb13d0');
INSERT INTO UserChallenges VALUES('353E116F-3D66-C91A-7F69-9350261B440D','706e200d-4819-4c82-9c6e-3f4ad984d42b');
INSERT INTO UserChallenges VALUES('FE1B7EFD-571A-DEAA-4513-DB413054A827','2ca80ebc-66f2-4d4e-b5f5-c12fc73093fc');
INSERT INTO UserChallenges VALUES('99117CCC-5713-DEAA-1995-DB413054A833','34aa90ba-df2e-457e-810d-d87f58eb13d0');
INSERT INTO UserChallenges VALUES('99117CCC-5713-DEAA-1995-DB413054A833','886673dc-698b-4e70-a2d4-7188cf140204');
INSERT INTO UserChallenges VALUES('77117CCC-5713-DEAA-1995-DB413054A843','886673dc-698b-4e70-a2d4-7188cf140204');
INSERT INTO UserChallenges VALUES('77117CCC-5713-DEAA-1995-DB413054A843','474b1a89-ed68-4164-bd8f-44c01799d987');
INSERT INTO UserChallenges VALUES('77117CCC-5713-DEAA-1995-DB413054A843','314190d4-2fd2-474c-8212-b93d90123111');



INSERT INTO Blog VALUES('c2a2f930-aa29-484e-9a3b-7d8b184c0425', 'First article' ,'nu stiu','aaaaaaa','2000-11-10','Inspiration');
INSERT INTO Blog VALUES('b142f930-aa29-484e-3a1a-7d8b184c0425', 'second' ,'stiu','aaaaadddaaaaaaa','2007-01-10','News');
INSERT INTO Blog VALUES('be42e930-ee29-484e-3a1a-9d8b184c0400', 'third' ,'marina','fasfasa','2012-11-01','Inspiration');
INSERT INTO Blog VALUES('a7695725-7701-47ee-a4f6-f49b9bab8dd3', 'HElLO' ,'nu stiu','kjdasd','2016-05-10','News');
INSERT INTO Blog VALUES('2c41f622-77eb-4100-aaeb-73697122c099', 'World' ,'stiu','sasdxzzzz','2011-03-04','News');
INSERT INTO Blog VALUES('49a16ba4-7c7b-4b4b-a9ed-fba4dea9483b', '!' ,'marina','fjasjfkhasdf','2009-11-01','Inspiration');
INSERT INTO Blog VALUES('c2a2f930-aa29-484e-9a3b-7d8b184c0422', 'First article' ,'nu stiu','aaaaaaa','2000-11-10','Learn');
INSERT INTO Blog VALUES('b142f930-aa29-484e-3a1a-7d8b184c0429', 'second' ,'stiu','aaaaadddaaaaaaa','2007-01-10','Learn');
INSERT INTO Blog VALUES('be42e930-ee29-484e-3a1a-9d8b184c0411', 'third' ,'marina','fasfasa','2012-11-01','Inspiration');
INSERT INTO Blog VALUES('a7695725-7701-47ee-a4f6-f49b9bab8d33', 'HElLO' ,'nu stiu','kjdasd','2016-05-10','Learn');
INSERT INTO Blog VALUES('2c41f622-77eb-4100-aaeb-73697122c091', 'World' ,'stiu','sasdxzzzz','2011-03-04','Learn');
INSERT INTO Blog VALUES('49a16ba4-7c7b-4b4b-a9ed-fba4dea9483C', '!' ,'marina','fjasjfkhasdf','2009-11-01','News');


INSERT INTO BlogPhotos VALUES('49a16ba4-7c7b-4b4b-a9ed-fba4dea9483C','cb1cc651-affc-4c5d-99ce-e73410393cd4');
INSERT INTO BlogPhotos VALUES('2c41f622-77eb-4100-aaeb-73697122c091','276401d6-2860-4fe5-a266-d132a7cb2e69');
INSERT INTO BlogPhotos VALUES('b142f930-aa29-484e-3a1a-7d8b184c0429','0ac3e3ad-e382-4475-9cd6-9ffeb56c51de');
INSERT INTO BlogPhotos VALUES('a7695725-7701-47ee-a4f6-f49b9bab8d33','0ac5e5ad-e582-4475-9cd6-9ffeb56c51de');
INSERT INTO BlogPhotos VALUES('49a16ba4-7c7b-4b4b-a9ed-fba4dea9483b','aa4747eb-5bdf-4862-a565-cf99735996eb');
INSERT INTO BlogPhotos VALUES('c2a2f930-aa29-484e-9a3b-7d8b184c0425','8187a192-90f3-4c08-b4a0-fb246ef43979');
INSERT INTO BlogPhotos VALUES('be42e930-ee29-484e-3a1a-9d8b184c0400','cb1cc651-affc-4c5d-99ce-e73410393cd4');

INSERT INTO ChallengesPhotos VALUES('474b1a89-ed68-4164-bd8f-44c01799d987','8187a192-90f3-4c08-b4a0-fb246ef43979');
INSERT INTO ChallengesPhotos VALUES('2ca80ebc-66f2-4d4e-b5f5-c12fc73093fc','a2253231-11e1-46a4-bb96-215f787b30d4');
INSERT INTO ChallengesPhotos VALUES('d7f9fc1c-d39a-42ce-a437-56c88306e024','0ac5e5ad-e582-4475-9cd6-9ffeb56c51de');
INSERT INTO ChallengesPhotos VALUES('706e200d-4819-4c82-9c6e-3f4ad984d42b','3a3c2085-eb65-43b7-a334-3a441e1cca68');
INSERT INTO ChallengesPhotos VALUES('34aa90ba-df2e-457e-810d-d87f58eb13d0','276401d6-2860-4fe5-a266-d132a7cb2e69');
INSERT INTO ChallengesPhotos VALUES('706e200d-4819-4c82-9c6e-3f4ad984d42b','276401d6-2860-4fe5-a266-d132a7cb2e69');
INSERT INTO ChallengesPhotos VALUES('314190d4-2fd2-474c-8212-b93d90123111','a2253231-11e1-46a4-bb96-215f787b30d4');


INSERT INTO CategoriesPhotos VALUES('9A1833AB-B8AC-4781-7478-45FD04AD5166','0ac3e3ad-e382-4475-9cd6-9ffeb56c51de');
INSERT INTO CategoriesPhotos VALUES('10FFFE06-A8BE-A97D-F2DD-5164F385C21C','1a3c2085-eb15-43b7-a334-3a441e1cca61');
INSERT INTO CategoriesPhotos VALUES('8738C663-B8AC-4781-7478-45FD04AD5166','3da9940d-6756-4395-96a6-04c9a537d8b9');
INSERT INTO CategoriesPhotos VALUES('9A18C663-B8AC-4781-7478-45FD04AD5166','aa4747eb-5bdf-4862-a565-cf99735996eb');
INSERT INTO CategoriesPhotos VALUES('ABBBFE06-A8BE-A97D-F2DD-5164F385C21C','8187a192-90f3-4c08-b4a0-fb246ef43979');
INSERT INTO CategoriesPhotos VALUES('ABBBFE06-A8BE-A97D-F2DD-5164F385C21C','cb1cc651-affc-4c5d-99ce-e73410393cd4');
INSERT INTO CategoriesPhotos VALUES('ADDDFE06-A8BE-A3D5-F2DD-5164F385C21C','aa4747eb-5bdf-4862-a565-cf99735996eb');
INSERT INTO CategoriesPhotos VALUES('ABBBFE06-A8BE-A97D-F2DD-5164F385C21C','dace2abd-4896-4a74-bdcb-88eda2540e20');

INSERT INTO UserProfilePhotos VALUES('FE1B7EFD-571A-DEAA-4513-DB413054A827','a2253231-11e1-46a4-bb96-215f787b30d4');
INSERT INTO UserProfilePhotos VALUES('DD117EFD-571A-DEAA-4513-DB413054A827','1a3c2085-eb15-43b7-a334-3a441e1cca61');
INSERT INTO UserProfilePhotos VALUES('353E116F-3D66-C91A-7F69-9350261B440D','f17d3e49-d968-4e0e-bb93-17822b326a0e');
INSERT INTO UserProfilePhotos VALUES('77117EFD-5713-DEAA-1995-DB413054A833','c4e917a3-7d74-4677-9319-4e5ed5a8975f');
INSERT INTO UserProfilePhotos VALUES('DD117EFD-571A-DEAA-4513-DB413054A827','0ac5e5ad-e582-4475-9cd6-9ffeb56c51de');
INSERT INTO UserProfilePhotos VALUES('77117EFD-5713-DEAA-1995-DB413054A833','aa4747eb-5bdf-4862-a565-cf99735996eb');
INSERT INTO UserProfilePhotos VALUES('DD117EFD-571A-DEAA-4513-DB413054A827','8187a192-90f3-4c08-b4a0-fb246ef43979');
INSERT INTO UserProfilePhotos VALUES('FE1B7EFD-571A-DEAA-4513-DB413054A827','c9d4fd93-36fd-4581-8a85-b18ac28cf2f0');

